"type","value"
"hash_sha256","7187ec55dcd998f3ee207a0733a162604c40dc6920ef47424bcbaaa1dba68da3"
"hash_sha256","d9dc572d6e446ec7629479eb60119b57a135e77aae22ea9f5a29a543af85b7da"
"hash_sha256","10f0cb6dc3bb42145482fd3b353b11626283edd62b6a6a6b1505927d6d71a914"
"hash_sha256","e1e154590062bab331805d1657cbdea323053e25e0c5efe4a93d2deeca689452"
"hash_sha256","8447befbf1643aae5219fc13354628f00c61683fb7b86bb0294a95b3eb62a344"
"hash_sha256","ab99e91e1b0951feabd09d049e0ac9d9412c67603415c10cbeadde5842ca02d2"
"hash_sha256","32839e342815cda42bef871d999d76db91dd465972a2b39d4e29fb367a57cfd5"
"hash_sha256","d8ab0c6982ea7674ed4e53e4bfc7234a56b018090819b79f67a9cc6034fc98e2"
"hash_sha256","991a222bdbeb5d25b9f9445496112af904ac7b677b6296810727e6e403f5f5eb"
"hash_sha256","f6f3d1d060274e114c80bcd35c3f5e97909cf6ffd793bdab27d1eb913a0d391e"
"hash_sha256","959e289a72a49a27d173d5c020969e27aa078a1521b3632ceb5e8c77fa01a342"
"hash_sha256","82ccc3e53246b4b931c7d6642b70de245d9896b6481b273ee50aca3c58614027"
"hash_sha256","dd913d2b8a29eae792097e2d2b81a94e62b3e90636a9564f56dc302b50901ccb"
"hash_sha256","4544b478b2029ec38eb4bda111741a10f0684e38f1b29ce092b93df882d11f9e"
"hash_sha256","3c484486d455b4c13e8fbbf612b4ab3c4cfc519dd5a81c2478a7e4ab9c08e83a"
"hash_sha256","f9c459824e223d5523ac6edfea7b842cf168ae135045258b04b4760f4002a86f"
"hash_sha256","33a2b228186f8391a15442fc1333827fc2af5468c40d1a1552723245922a6812"
"hash_sha256","6f55f3b1415b5bf9dda57158f05fe628edb92b436887ad72f3d4bd108e8542d2"
"hash_sha256","b95be82b7682341cf7e2b8e33f1ca0c8915ee005bd71c50ad877da99c7ec39f6"
"hash_sha256","5929962b379c56626a04052bc8e983732b807c34fab6c1ac420d73a8fff9e9a6"
"hash_sha256","2a2e39586e7232a3339d52453b477454bc44b6305c711dd9eb5ecf4394c55b10"
"hash_sha256","ba2a96dae66324df5bbb0751a04c538722ad49daa12d51625f8a1890608b1168"
"hash_sha256","062fc14064495f558e1192b675c1f0eeeb87c5ced5c01f81a38fc6b2591508d6"
"hash_sha256","b1232c4080121ac93b5c6f3982f79ee1ed4238d568cefd6eb88e7dfb072f0db8"
"hash_sha256","f7a66c1ed76f696c0d3d3d5c49e88b6cebf35ff232c5094d3284f7fe484a90a3"
"hash_sha256","9d8cbb2bf4801276de2143ccd64a7d0f66263809a90bea0b664282a15d121d9e"
"hash_sha256","70ffcd7e8663a2aab204eaea3daf86e9cff73872d23ad3da2e91382f8593501a"
"hash_sha256","1c05380af47696f7d7ef84b452fa4f662158d9f1caf7ad01a455061081d13653"
"hash_sha256","395173829ff0e957a2d8abbb3c979f470701cd3fd381e7af23b13e7573cca5c1"
"hash_sha256","429650c8e59459c0150ad5cb8853cb46415b70afb92f45ebc04e8c5fbd382bf2"
"hash_sha256","328456cc7c585d290ba0543f6183afb0f8e31a1cfd24019644ea6471129bad9d"
"hash_sha256","dee7fbf9d55f5ed197463d65694accc6861a181248f3e79b99f5444183d39805"
"hash_sha256","b294f8636f7ac5318560f3b8f949c1004340923d6aaaceed93481c3ba916d407"
"hash_sha256","7753fd8c401e0efd8e5d0db07ea7b60eb45d034b7685b656d708f3885d8e7906"
"hash_sha256","8ddf1b190498bcc66f510005f0e1efc2562e189887924ddb7e584f04437e78a2"
"hash_sha256","ceb4bfe175798179b0947da1ffd8eda13777b9d7b02bc75599b6f6907cf2c2c0"
"hash_sha256","24e8413c8743a2349be66e1df415f8e8c8326b3e9fb8b4f158f8fde4409626af"
"hash_sha256","86c18925097fed036b2f63a8c50891266b6d5f0ddde84ee57f6c4da06e77100b"
"hash_sha256","5fc68cab9ed345259fa2b452f63e9bc9b1c61285fb0445e60b2744c211bddeb8"
"hash_sha256","57b75ed78a4b94749fe25b14e7a6e3b357089b060b88aeb7a30144c6713e5afc"
"hash_sha256","9bf2fd111962a5634e7b1a5821b08584002cf304d657840a904d3388967a9a65"
"hash_sha256","c498a138ca1fb1ae1c834cbe5f76eda226b0fa7b29bc6cbd8b92478e394b287f"
"hash_sha256","ae696adba9e93dbc97b2f0a0c13c962cd90e5b03943e68f06e6e1b8f8d6cbd00"
"hash_sha256","9e513f9876410f792a0f97c8bead2122c9f26cf07136fe8afbac8da48120953b"
"hash_sha256","8dde9b01b0e4eb47afff7daf5d59abf72e68ec6d944a9404f78ba69fcbd5310d"
"hash_sha256","9df20496f03f1e916dbaecbe7e99db411cd8044c13572d691febf13c22b7c572"
"hash_sha256","bb412455c3988a845ee04cd9f665df285bb00dfb62af377ff9a06d6f032e3aa1"
"hash_sha256","849c4687f36eecc3e3e5f68da5ee1b2b5c1fe75811db66633962af9a749ff355"
"hash_sha256","c9ffb0e9c3df23bba54debf0f6875ade683fe29f4ca720d2abc780179a2781cf"
"hash_sha256","609401cd35b4ede77bb717005bd2875f0a018442e194ec8af78595f185665f12"
"hash_sha256","8e421c6145b4ee499c747c7544d16f331d0bfd282b40efddcf66d8eb3fbf51cd"
"hash_sha256","ca4963745454cc8584cec4e53d27d78c86a4766a4f69b0b37617efcd915621c8"
"hash_sha256","7bdaaf431bbf0880b0f1276042bd1adeb192d183795c30834b61e2335d279230"
"hash_sha256","b43bb3af257e2c29ecf9add2ef4ad41c62e6b1298dc9af220ab0a285e23cb9db"
"hash_sha256","9e99facf8ea4c39a5d2bfc404fbae99b37bae36ab589a2a67acf23d03de96512"
"hash_sha256","c9b06152ac1c851eaed84ee052c374341ed89d9a6e5a5d97bd0e4b941c01a274"
"hash_sha256","032a087b0f7c722a64bbced9612e84bb0a7f1872a8b94406ca49827d56aa466d"
"hash_sha256","8b6c3018958e7ae20989045811358b1225606000c879000c779444cc50290d9e"
"hash_sha256","7c64c488a58473d9456d4f2f64b7bcb5eea03c32bd99650c59e38b0993eba7b3"
"hash_sha256","f0bb1027787cd589b6c6ff6eba755d916f837d8753342f9ffa391fbbab718841"
"hash_sha256","5b02e00797b0f396b40dbb8223d034a7aa42798a39a89a41ea70a314ceab478e"
"hash_sha256","cb039efaebc29c1cc5c0fcf8567de534993f447245a45db03c927af56f7096d7"
"hash_sha256","fb780f623a78c9b5aa8a279430731b84d0efe937ea5684f80182e4f896e8e288"
"hash_sha256","087d2b51bec315fdbd938405c9cdcdf63f0d0bda42c7db89062ef3cccc45b525"
"hash_sha256","f6b74d7a2b2e2c1f2b0f088c6b5cd7d26d4d40b756e76bcb7ad06cd7c6c17ded"
"hash_sha256","95d4c0e642a3b2c9fab0a2d90b2d127ed12d9ae1e8e721806e9eefc75d77ee3c"
"hash_sha256","f20c78fb33d42d874ed6fdf7096a4dad9b3637e05ccc8ae52ee6cc4e5dd8a0bf"
"hash_sha256","21ead6c4722d06207332710f2dff6005bc5095034cffa7f60e57a77f651efa1c"
"hash_sha256","d6f97c6dbe021f02adb2139fc990996ca0d670ceab0189017e69171298ea9c27"
"hash_sha256","956cd22a033de80926083810a0946ad764e0df61dfc0ad09af5e1947327281c9"
"hash_sha256","65783de1310a32a96a2f2ca60093be27ddb32562f91104d7886fac7479ad8afe"
"hash_sha256","b485bcb29c5bf53269960a243b051d4fafcd4ae2b17839e96afbf8f8fec8b244"
"hash_sha256","68547344839166ef8e28dd31b40b35d94759eda2949eab654bf737dfe9d3edae"
"hash_sha256","fec4655a9f99931692ecc28d35e2e17ae03f0acbfe8bdf9de00a05437049ce69"
"hash_sha256","01ad70e688a4eb070e90538728de699efbaa6bbfeaa728976053384587e45d18"
"hash_sha256","42d914b10255499859ee5919b183ca521ae483ac3edc2f1653d52487f9098342"
"hash_sha256","6abf2716ace0464a488e5ed4d1935865d4d12886ff54fbb5dd659bf32f1cf23a"
"hash_sha256","0e464ad7bde50e55aa42dac985295e22deb78c1a48809563f18cd4a6f47a104a"
"hash_sha256","75d9c67b853fb26ba28ae5dcfc0631fd9fc4addc69d579edfd98bbbbdb4d9187"
"hash_sha256","b91b4d45b41d0d0ca1bdfac917c4cd732d32754bcfd7590ac521dc4fe414ebd5"
"hash_sha256","9f74293d070390a2f783030eed5de4c64b1d32e2046b8c440cc39984b453b12f"
"hash_sha256","04a4a9ff0af9fde923fb8203c89be6a57a3c42a517c9d9a047fb7d4b20e24a9f"
"hash_sha256","0856b3c06805d3935b1db325c4e9c9131572b4cf09f07d989911495807775cab"
"hash_sha256","52951e174db7986b334417d5641b06a80464c9665bf82393857fa6700beef006"
"hash_sha256","b0a5775907994eea4adf0faa505b28160d22507c1690ca508820e26fb4ca3bca"
"hash_sha256","31e9c92d7dce8b65dded9c40e67d9cfca33bf8870d460e73b02df8a035ca719f"
"hash_sha256","484418a9516fbe04de0d99704ac521b04825bfdbc4abbcbf1ba88a28c26373ea"
"hash_sha256","1f9194a46385dfef7bd1098b3c5da2b8f2d2552c9c1d1b6bf3f7313ee970b9a4"
"hash_sha256","93193c90f568ae1ebdbdd5607c00ce250f6c886cec60724bdcf5e25c6ba82554"
"hash_sha256","22caa1e9f4b2e88b7bcd633e4e12104f4d3556c05fc4db1ee6b620a9d5fa6213"
"hash_sha256","7f901d8f673d5e1fde07676b3287aa9a24dc92fb48e7ca82a163e0b0581ee7ad"
"hash_sha256","d931fe8da243e359e9e14f529eafe590b8c2dd1e76ca1ad833dd0f927648f88b"
"hash_sha256","c0af45fb5b5ecaff8130bed61a8cdb4bac98f2c9ccc774bd6034576f865aaf6f"
"hash_sha256","2af2ab80575400c191925d15f83726718655b8adad1c7bd02e4abe21d1004b95"
"hash_sha256","f9507a76801d5b1b83704a5019cdc312de18b004f16c5547b91b7dba086b2e29"
"hash_sha256","c0595bfea597e67c4e7291e60ed124c5b6fd47eca5d2a2dee4ac61864ac6dc5f"
"hash_sha256","ca8d8d55c30ed37ce1bc36e514a3fee5b0bc00ef5c88b8d07d51dbd9a141ff33"
"hash_sha256","b89742731932a116bd973e61628bbe4f5d7d92b53df3402e404f63003bac5104"
"hash_sha256","798d9d960b1a6dba959831983573ce7de2ea376f13f1e0fe7968beeca37f0540"
"hash_sha256","15305978d7c42e26d908feca9aed4efa3df89ae6524ecce10752a2ee3cdf813f"
"hash_sha256","1dae20a13c71c11f3c2a2010d2577cd2b3601c1092a980c1305991681b178c46"
"hash_sha256","b2891d26b7b66dca32f02681a0f1f3866a2efae49d8b5ec6bf4cbbdf5ff35260"
"hash_sha256","bc08bc584b06c8866c6b4feeeef745e187a8ce0e924d159d5044e6368e4bf31a"
"hash_sha256","ffd51f3de4ba08508ca7c19dd15676c2c8f4a61891c1dea297bb648633485bcd"
"hash_sha256","af29f3aad49a10827b338f156d4f748bcd9d987f1400c52f979efcb4ef4e5e46"
"hash_sha256","31045ab2d2e8f7074e2d0f312b4b79387a6794c4455100d501f6c5ea220ad207"
"hash_sha256","1925d5e283a220497385b4d8ca268665c729d1e029692e23431c327a8378fe23"
"hash_sha256","e5da410cbba9e76ea9510985653984b63e5af501a2e542c9c29def8c1ded23c3"
"hash_sha256","8a4515c285fd0779292f0ac7d08f6bb5b6fca00a23ce98133e52625ee11bbf36"
"hash_sha256","11d2e042f172811cd155e07a8f7a3830e590997b87be68cd9b076477bbc98dcd"
"hash_sha256","b1798973f8dfce5777905452271f3b3ff23fb2148978ba2943654a72fe5b6387"
"hash_sha256","f9c6dca22e336cf71ce4be540905b34b5a63a7d02eb9bbd8a40fc83e37154c22"
"hash_sha256","5eddf95ec34e512d6db1058fdd9fa886e3fc1e7d4090d1999f1764627db5c1ee"
"hash_sha256","71fe1f1ce713e265b2c6693f83ed94a359e43e6aa60322baee599ba74a2f2ac0"
"hash_sha256","d22cfa87be0f204ae7da13897dfcd075c9f25414e1792762412e9ae61d0ce3f0"
"hash_sha256","2cd01dab44247dee9c0f9511b3b1d11d5a69afcc87efc59446238021d5343aad"
"hash_sha256","641a07800e1e9542d0756a7bb740f80ec49aed633af0add108a6e00671e10757"
"hash_sha256","15fcb756a05b69518be5e32b98b25f398e999d4ec971364fe01f9dd0f78747e3"
"hash_sha256","836db6bde6f664fa42b020c7b4549713022eac87410c1ed1104b6d4df615a599"
"hash_sha256","8074bbc62a36ff2c0037634d3c45fdf40bfc372a7123f64c38f159c04d2391c6"
"hash_sha256","ff5e6fbf14c5eb35c1b4f24e4b08b30ba2e512a4b25ab7b652f0567edb94097e"
"hash_sha256","841680207f8c57f4e183610f022f01642d86c5a2fd0323463039b751e5559dc4"
"hash_sha256","151983eab306e5fcd22b110cf36ddc2357564d40399d08ce8a70d7f78b0bfbbf"
"hash_sha256","98266835a238797f34d1a252e6af0f029c7823af757df10609f534c4f987e70f"
"hash_sha256","b62ba19f3f6ab6200a764a14a268cbf21efe3b48030f7a8bccd96300d56ec950"
"hash_sha256","243408d1fa0c8a7a778d8bb224532c649409d0db76fc0ca2be385d193da22b1e"
"hash_sha256","093ac1213b112c7eb7c46000f04160af37339ce0d6fff514f0941f2b5ab48829"
"hash_sha256","a14e3907f7a12b56bb67b178c722d92d2ee64fb0514daadd902683c799bfdc94"
"hash_sha256","bc84fa150decef8b33811a646be2fe517f2550bfa03036b8766ff338c3d37df1"
"hash_sha256","25f051fad96d0996708561ce734bb836c4a576f8cb4d6f96927975a08eff9e19"
"hash_sha256","2facd367c1299ef200934cfd06279f177f9e3145164e4bd595e2b94a403a1b02"
"hash_sha256","4e4eb3f6f85c8b14003168e9cd9d82c716cf5c04f1d7cb2f003d1ca233d75eed"
"hash_sha256","694818ba3bbbd14949fea1441dd15ec721adc61f7f7de4cc728f449a2ef2c3c8"
"hash_sha256","118611de57551faa4b7c029e50317cd6f596275725f61a9f9a11fb59e1ad70df"
"hash_sha256","9dce80e3b848c6a52a89e89b4d8904635a7a0a6a069f6c164b2becb5eda4d814"
"hash_sha256","b1eb0565b958d4819138a72cf38b16d058cfee00097461c5dad3fae500aa4296"
"hash_sha256","38bfb870f8e127f2170175fdd902c0891c9a6c044d8fae6dc9e8ef6d5a9497ab"
"hash_sha256","60a45919ec5e67c2843fd08745f26437934ae3ceae76133a23aa0690d6a72f86"
"hash_sha256","1c1397233114820f366607896cb9f3d3d412270e79947ce1558fc8db7dcbb602"
"hash_sha256","5c3569c166654eed781b9a2a563adec8e2047078fdcbafcdef712fabf2dd3f57"
"hash_sha256","728a8ea36c4dcaa030c2a8674bd4b65eb636253435c5d43e74d8a176a92f7679"
"hash_sha256","2788d54e094014cd18ec11263659c344330b55ff3b0a14941215f14557b77777"
"hash_sha256","5fc95870132e4709a5a0086593490cd04eb121f2f238b44cb19679125e842115"
"hash_sha256","88da60e5764ac7ead4db3a9ad0aa9f40e509a1d2df0380fa2e55cfdc8e3ad70a"
"hash_sha256","ede75c0a88d80043f79025dfd8ef91c3d1b01a1613f4a0347b2ceb29f8b19578"
"hash_sha256","eeadc13b1d59ada3851f56162796ef9d901a1fd74c457ced14d72b8df54e79ba"
"hash_sha256","ad0ee372226ace062473e01b15b52d99eb61a6f3b265bead8f2c534f75d05cea"
"hash_sha256","1bc061bbde8e89345da6461916fc70a4b2b50126ba25f553e15fa692bc22e92e"
"hash_sha256","625bd1db4f5fbd8fa9a4c78bc7f1ffe421dead5b0b0b4b2a65be879f9a123a23"
"hash_sha256","2dcb2f1fe7fc145529c31328c150cd9a00a8b02e57a69f09211db334f78fe784"
"hash_sha256","2376a8da650c124b3d916765f82929b4109f20bc4f211a39a4d1cd4391780d1f"
"hash_sha256","7b8f932ca62ecc8e0a071177075118ba4b050f785857925a3dac6835e230d602"
"domain","aaatus.com"
"domain","actionshunter.com"
"domain","ad.cantliee.com"
"domain","ad.hungrrybaby.com"
"domain","ad.imagodd.com"
"domain","ad.maybebaybe.com"
"domain","ad.raaidboss.com"
"domain","ad.saynoforbubble.com"
"domain","ad.sunofgodd.com"
"domain","ad.tarhungangster.com"
"domain","af.cantliee.com"
"domain","af.hungrrybaby.com"
"domain","af.imagodd.com"
"domain","af.maybebaybe.com"
"domain","af.raaidboss.com"
"domain","af.saynoforbubble.com"
"domain","af.sunofgodd.com"
"domain","af.tarhungangster.com"
"domain","an.gtrsqer.com"
"domain","an.idrivecheck.com"
"domain","an.idrivedownload.com"
"domain","an.idrivedwn.com"
"domain","an.idrivefinder.com"
"domain","an.idriveupdate.com"
"domain","an.service1boost.com"
"domain","as.ayiyas.com"
"domain","as.bithunterr.com"
"domain","as.cantliee.com"
"domain","as.chainnss.com"
"domain","as.giveasees.com"
"domain","as.havemosts.com"
"domain","as.hungrrybaby.com"
"domain","as.imagodd.com"
"domain","as.lindasak.com"
"domain","as.loockfinderrs.com"
"domain","as.maybebaybe.com"
"domain","as.mountasd.com"
"domain","as.puckhunterrr.com"
"domain","as.raidbossa.com"
"domain","as.rapirasa.com"
"domain","as.saynoforbubble.com"
"domain","as.serviceboosterr.com"
"domain","as.servicemount.com"
"domain","as.serviceupdatter.com"
"domain","as.servicewikii.com"
"domain","as.shabihere.com"
"domain","as.sibalsakie.com"
"domain","as.sunofgodd.com"
"domain","as.tarhungangster.com"
"domain","as.tiancaii.com"
"domain","as.voiddas.com"
"domain","asd.errvghu.com"
"domain","avrenew.com"
"domain","ayechecker.com"
"domain","ayiyas.com"
"domain","backup-helper.com"
"domain","backup-leader.com"
"domain","backup-simple.com"
"domain","backup1helper.com"
"domain","backup1master.com"
"domain","backup1service.com"
"domain","backup1services.com"
"domain","backupmaster-service.com"
"domain","backupmasterservice.com"
"domain","backupmastter.com"
"domain","backupnas1.com"
"domain","backups1helper.com"
"domain","bakcup-checker.com"
"domain","bakcup-monster.com"
"domain","best-backup.com"
"domain","best-nas.com"
"domain","bestservicehelper.com"
"domain","besttus.com"
"domain","bigsquid42.com"
"domain","bigtus.com"
"domain","biliyilish.com"
"domain","bithunterr.com"
"domain","blackhoall.com"
"domain","bn.chekingking.com"
"domain","bn.jonsonsbabyy.com"
"domain","bn.loxliver.com"
"domain","bn.martahzz.com"
"domain","bn.realgamess.com"
"domain","bn.servicegungster.com"
"domain","bn.wondergodst.com"
"domain","bn.zetrexx.com"
"domain","bn.zhameharden.com"
"domain","boost-servicess.com"
"domain","boost-yourservice.com"
"domain","boostsecuritys.com"
"domain","boostyourservice.com"
"domain","bouths.com"
"domain","brainschampions.com"
"domain","bugsbunnyy.com"
"domain","bukaguka.com"
"domain","bv.backup1services.com"
"domain","bv.backupmaster-service.com"
"domain","bv.backupmasterservice.com"
"domain","bv.simple-backupbooster.com"
"domain","bv.top3-services.com"
"domain","bv.topbackup-helper.com"
"domain","bv.topbackupintheworld.com"
"domain","bv.topservice-masters.com"
"domain","bv.topservicebooster.com"
"domain","cantliee.com"
"domain","caonimas.com"
"domain","chainnss.com"
"domain","chalengges.com"
"domain","cheapshhot.com"
"domain","check1domains.com"
"domain","check4list.com"
"domain","checkdomainsss.com"
"domain","checkhunterr.com"
"domain","checktodrivers.com"
"domain","checkwinupdate.com"
"domain","chekingking.com"
"domain","ciscocheckapi.com"
"domain","cleardefencewin.com"
"domain","cmdupdatewin.com"
"domain","comssite.com"
"domain","conhostservice.com"
"domain","cv.bugsbunnyy.com"
"domain","cv.mixunderax.com"
"domain","cv.qascker.com"
"domain","cv.sweetmonsterr.com"
"domain","cv.wodemayaa.com"
"domain","cylenceprotect.com"
"domain","daggerclip.com"
"domain","debug-service.com"
"domain","defenswin.com"
"domain","developmasters.com"
"domain","df.bugsbunnyy.com"
"domain","df.mixunderax.com"
"domain","df.qascker.com"
"domain","df.sweetmonsterr.com"
"domain","df.wodemayaa.com"
"domain","domainerrs.com"
"domain","dotmaingame.com"
"domain","driver-boosters.com"
"domain","driver1downloads.com"
"domain","driver1master.com"
"domain","driver1updater.com"
"domain","driverdwl.com"
"domain","driverjumper.com"
"domain","easytus.com"
"domain","eighteenthservicehelper.com"
"domain","eighthservicehelper.com"
"domain","eighthserviceupdater.com"
"domain","eithtservice-developer.com"
"domain","elephantdrrive.com"
"domain","eleventhservicehelper.com"
"domain","eleventhserviceupdater.com"
"domain","er.bugsbunnyy.com"
"domain","er.mixunderax.com"
"domain","er.qascker.com"
"domain","er.sweetmonsterr.com"
"domain","er.wodemayaa.com"
"domain","errvghu.com"
"domain","fastbloodhunter.com"
"domain","fg.cheapshhot.com"
"domain","fg.gungameon.com"
"domain","fg.gunsdrag.com"
"domain","fg.hybriqdjs.com"
"domain","fg.luckyhunterrs.com"
"domain","fg.quwasd.com"
"domain","fg.remotessa.com"
"domain","fg.secondlivve.com"
"domain","fg.sobcase.com"
"domain","fg.unlockwsa.com"
"domain","fifteenthservicehelper.com"
"domain","fifthservice-developer.com"
"domain","fifthservicehelper.com"
"domain","fifthserviceupdater.com"
"domain","findtus.com"
"domain","firstservice-developer.com"
"domain","firstserviceupdater.com"
"domain","firstservisehelper.com"
"domain","firsttus.com"
"domain","fourservicehelper.com"
"domain","fourteenthservicehelper.com"
"domain","fourthservice-developer.com"
"domain","fourthserviceupdater.com"
"domain","freeallsafe.com"
"domain","freeoldsafe.com"
"domain","ga.biliyilish.com"
"domain","ga.kungfupandasa.com"
"domain","gameleaderr.com"
"domain","getinformationss.com"
"domain","gf.backup1services.com"
"domain","gf.backupmaster-service.com"
"domain","gf.backupmasterservice.com"
"domain","gf.simple-backupbooster.com"
"domain","gf.top3-services.com"
"domain","gf.topbackup-helper.com"
"domain","gf.topbackupintheworld.com"
"domain","gf.topservice-masters.com"
"domain","gf.topservicebooster.com"
"domain","gh.chekingking.com"
"domain","gh.jonsonsbabyy.com"
"domain","gh.loxliver.com"
"domain","gh.martahzz.com"
"domain","gh.realgamess.com"
"domain","gh.servicegungster.com"
"domain","gh.wondergodst.com"
"domain","gh.zetrexx.com"
"domain","gh.zhameharden.com"
"domain","giveasees.com"
"domain","gooddjobb.com"
"domain","greattus.com"
"domain","gtrsqer.com"
"domain","gungameon.com"
"domain","gunsdrag.com"
"domain","ha.blackhoall.com"
"domain","hakunaman.com"
"domain","hakunamatatata.com"
"domain","harddagger.com"
"domain","havemosts.com"
"domain","havesetup.net"
"domain","helpforyourservice.com"
"domain","hg.backups1helper.com"
"domain","hg.driver-boosters.com"
"domain","hg.driver1downloads.com"
"domain","hg.driverjumper.com"
"domain","hg.service-hel.com"
"domain","hg.service1update.com"
"domain","hg.service1view.com"
"domain","hg.servicehel.com"
"domain","hg.servicereader.com"
"domain","hg.top3servicebooster.com"
"domain","hg.view-backup.com"
"domain","hs.bouths.com"
"domain","hungrrybaby.com"
"domain","huntersservice.com"
"domain","hurrypotter.com"
"domain","hybriqdjs.com"
"domain","idrivecheck.com"
"domain","idrivedownload.com"
"domain","idrivedwn.com"
"domain","idrivefinder.com"
"domain","idrivehepler.com"
"domain","idriveupdate.com"
"domain","idriveview.com"
"domain","iexploreservice.com"
"domain","imagodd.com"
"domain","info-develop.com"
"domain","jh.best-backup.com"
"domain","jh.best-nas.com"
"domain","jh.bestservicehelper.com"
"domain","jh.top-backuphelper.com"
"domain","jh.top-backupservice.com"
"domain","jomamba.best"
"domain","jonsonsbabyy.com"
"domain","kl.gtrsqer.com"
"domain","kungfupandasa.com"
"domain","lindasak.com"
"domain","livecheckpointsrs.com"
"domain","livetus.com"
"domain","loockfinderrs.com"
"domain","loxliver.com"
"domain","lsassupdate.com"
"domain","lsasswininfo.com"
"domain","luckyhunterrs.com"
"domain","mainheelper.com"
"domain","mainhelperrs.com"
"domain","martahzz.com"
"domain","masterdogg.com"
"domain","maybebaybe.com"
"domain","microsoftupdateswin.com"
"domain","mixunderax.com"
"domain","mn.backup-helper.com"
"domain","mn.backup-leader.com"
"domain","mn.backup-simple.com"
"domain","mn.backup1helper.com"
"domain","mn.backup1master.com"
"domain","mn.bakcup-checker.com"
"domain","mn.bakcup-monster.com"
"domain","mn.best-backup.com"
"domain","mn.best-nas.com"
"domain","mn.bestservicehelper.com"
"domain","mn.boost-servicess.com"
"domain","mn.boost-yourservice.com"
"domain","mn.caonimas.com"
"domain","mn.checktodrivers.com"
"domain","mn.driver1master.com"
"domain","mn.driver1updater.com"
"domain","mn.driverdwl.com"
"domain","mn.fastbloodhunter.com"
"domain","mn.harddagger.com"
"domain","mn.idrivecheck.com"
"domain","mn.idrivedownload.com"
"domain","mn.idrivedwn.com"
"domain","mn.idrivefinder.com"
"domain","mn.idrivehepler.com"
"domain","mn.idriveupdate.com"
"domain","mn.nas-leader.com"
"domain","mn.nas-simple-helper.com"
"domain","mn.nomadfunclub.com"
"domain","mn.razorses.com"
"domain","mn.regbed.com"
"domain","mn.service-checker.com"
"domain","mn.service-leader.com"
"domain","mn.service1updater.com"
"domain","mn.serviceswork.net"
"domain","mn.top-backuphelper.com"
"domain","mn.top-backupservice.com"
"domain","mn.viewdrivers.com"
"domain","mn.vnuret.com"
"domain","monsterdevelops.com"
"domain","moonshardd.com"
"domain","mountasd.com"
"domain","mv.check1domains.com"
"domain","myservicebooster.com"
"domain","myservicebooster.net"
"domain","myserviceconnect.net"
"domain","myserviceupdater.com"
"domain","myyserviceupdater.com"
"domain","nas-leader.com"
"domain","nas-simple-helper.com"
"domain","nasmasterservice.com"
"domain","nasmastrservice.com"
"domain","nb.backups1helper.com"
"domain","nb.driver-boosters.com"
"domain","nb.driver1downloads.com"
"domain","nb.driverjumper.com"
"domain","nb.service-hel.com"
"domain","nb.service1update.com"
"domain","nb.service1view.com"
"domain","nb.servicehel.com"
"domain","nb.servicereader.com"
"domain","nb.top3servicebooster.com"
"domain","nb.view-backup.com"
"domain","newservicehelper.com"
"domain","nineteenthservicehelper.com"
"domain","ninethservice-developer.com"
"domain","ninethserviceupdater.com"
"domain","ninthservicehelper.com"
"domain","nj.errvghu.com"
"domain","nm.backup-helper.com"
"domain","nm.backup-leader.com"
"domain","nm.backup-simple.com"
"domain","nm.backup1helper.com"
"domain","nm.backup1master.com"
"domain","nm.bakcup-checker.com"
"domain","nm.bakcup-monster.com"
"domain","nm.boost-servicess.com"
"domain","nm.boost-yourservice.com"
"domain","nm.checktodrivers.com"
"domain","nm.driver1master.com"
"domain","nm.driver1updater.com"
"domain","nm.driverdwl.com"
"domain","nm.idrivecheck.com"
"domain","nm.idrivedownload.com"
"domain","nm.idrivedwn.com"
"domain","nm.idrivefinder.com"
"domain","nm.idriveupdate.com"
"domain","nm.nas-leader.com"
"domain","nm.nas-simple-helper.com"
"domain","nm.regbed.com"
"domain","nm.service-checker.com"
"domain","nm.service-leader.com"
"domain","nm.service1boost.com"
"domain","nm.service1updater.com"
"domain","nm.serviceswork.net"
"domain","nm.shabihere.com"
"domain","nm.viewdrivers.com"
"domain","nm.vnuret.com"
"domain","nomadfunclub.com"
"domain","ns1.aaatus.com"
"domain","ns1.avrenew.com"
"domain","ns1.besttus.com"
"domain","ns1.bigtus.com"
"domain","ns1.checkwinupdate.com"
"domain","ns1.ciscocheckapi.com"
"domain","ns1.cleardefencewin.com"
"domain","ns1.cmdupdatewin.com"
"domain","ns1.comssite.com"
"domain","ns1.cylenceprotect.com"
"domain","ns1.defenswin.com"
"domain","ns1.easytus.com"
"domain","ns1.errvghu.com"
"domain","ns1.findtus.com"
"domain","ns1.firsttus.com"
"domain","ns1.freeallsafe.com"
"domain","ns1.freeoldsafe.com"
"domain","ns1.greattus.com"
"domain","ns1.gtrsqer.com"
"domain","ns1.havesetup.net"
"domain","ns1.iexploreservice.com"
"domain","ns1.jomamba.best"
"domain","ns1.livecheckpointsrs.com"
"domain","ns1.livetus.com"
"domain","ns1.lsassupdate.com"
"domain","ns1.lsasswininfo.com"
"domain","ns1.microsoftupdateswin.com"
"domain","ns1.regbed.com"
"domain","ns1.renovatesystem.com"
"domain","ns1.sophosdefence.com"
"domain","ns1.taskshedulewin.com"
"domain","ns1.timesshifts.com"
"domain","ns1.update-wind.com"
"domain","ns1.update-wins.com"
"domain","ns1.updatewinlsass.com"
"domain","ns1.updatewinsoftr.com"
"domain","ns1.vnuret.com"
"domain","ns1.windefenceinfo.com"
"domain","ns1.windefens.com"
"domain","ns1.winsysteminfo.com"
"domain","ns1.winsystemupdate.com"
"domain","ns2.aaatus.com"
"domain","ns2.avrenew.com"
"domain","ns2.besttus.com"
"domain","ns2.bigtus.com"
"domain","ns2.checkwinupdate.com"
"domain","ns2.ciscocheckapi.com"
"domain","ns2.cleardefencewin.com"
"domain","ns2.cmdupdatewin.com"
"domain","ns2.comssite.com"
"domain","ns2.cylenceprotect.com"
"domain","ns2.defenswin.com"
"domain","ns2.easytus.com"
"domain","ns2.errvghu.com"
"domain","ns2.findtus.com"
"domain","ns2.firsttus.com"
"domain","ns2.freeallsafe.com"
"domain","ns2.freeoldsafe.com"
"domain","ns2.greattus.com"
"domain","ns2.gtrsqer.com"
"domain","ns2.havesetup.net"
"domain","ns2.iexploreservice.com"
"domain","ns2.jomamba.best"
"domain","ns2.livecheckpointsrs.com"
"domain","ns2.livetus.com"
"domain","ns2.lsassupdate.com"
"domain","ns2.lsasswininfo.com"
"domain","ns2.microsoftupdateswin.com"
"domain","ns2.regbed.com"
"domain","ns2.renovatesystem.com"
"domain","ns2.sophosdefence.com"
"domain","ns2.taskshedulewin.com"
"domain","ns2.timesshifts.com"
"domain","ns2.update-wind.com"
"domain","ns2.update-wins.com"
"domain","ns2.updatewinlsass.com"
"domain","ns2.updatewinsoftr.com"
"domain","ns2.vnuret.com"
"domain","ns2.windefenceinfo.com"
"domain","ns2.windefens.com"
"domain","ns2.winsysteminfo.com"
"domain","ns2.winsystemupdate.com"
"domain","ns3.regbed.com"
"domain","ns3.vnuret.com"
"domain","nv.caonimas.com"
"domain","nv.fastbloodhunter.com"
"domain","nv.harddagger.com"
"domain","nv.moonshardd.com"
"domain","nv.nomadfunclub.com"
"domain","nv.razorses.com"
"domain","nz.blackhoall.com"
"domain","ohn.bouths.com"
"domain","pdfreadmaster.com"
"domain","pl.reginds.com"
"domain","puckhunterrr.com"
"domain","pudgeee.com"
"domain","qascker.com"
"domain","quwasd.com"
"domain","qw.ayiyas.com"
"domain","qw.bithunterr.com"
"domain","qw.caonimas.com"
"domain","qw.chainnss.com"
"domain","qw.chalengges.com"
"domain","qw.fastbloodhunter.com"
"domain","qw.giveasees.com"
"domain","qw.havemosts.com"
"domain","qw.lindasak.com"
"domain","qw.loockfinderrs.com"
"domain","qw.mountasd.com"
"domain","qw.nomadfunclub.com"
"domain","qw.puckhunterrr.com"
"domain","qw.raidbossa.com"
"domain","qw.rapirasa.com"
"domain","qw.razorses.com"
"domain","qw.serviceboosterr.com"
"domain","qw.servicemount.com"
"domain","qw.serviceupdatter.com"
"domain","qw.servicewikii.com"
"domain","qw.sibalsakie.com"
"domain","qw.tiancaii.com"
"domain","qw.voiddas.com"
"domain","qwe.check1domains.com"
"domain","qwer.toyotacamryy.com"
"domain","qy.kungfupandasa.com"
"domain","raaidboss.com"
"domain","raidbossa.com"
"domain","raingamess.com"
"domain","rapirasa.com"
"domain","razorses.com"
"domain","rd.kungfupandasa.com"
"domain","rd.moonshardd.com"
"domain","realgamess.com"
"domain","regbed.com"
"domain","reginds.com"
"domain","remotessa.com"
"domain","renovatesystem.com"
"domain","rf.backup1helper.com"
"domain","rf.backup1master.com"
"domain","rf.boost-yourservice.com"
"domain","rf.checktodrivers.com"
"domain","rf.driver1master.com"
"domain","rf.driver1updater.com"
"domain","rf.driverdwl.com"
"domain","rf.service1updater.com"
"domain","rf.viewdrivers.com"
"domain","rt.gungameon.com"
"domain","rt.gunsdrag.com"
"domain","rt.hybriqdjs.com"
"domain","rt.luckyhunterrs.com"
"domain","rt.quwasd.com"
"domain","rt.remotessa.com"
"domain","rt.secondlivve.com"
"domain","rt.sobcase.com"
"domain","rt.unlockwsa.com"
"domain","rulemonster.com"
"domain","sammeeme.com"
"domain","saynoforbubble.com"
"domain","scrservallinst.info"
"domain","sd.backup1service.com"
"domain","sd.elephantdrrive.com"
"domain","sd.nasmastrservice.com"
"domain","sd.service-hellper.com"
"domain","secondlivve.com"
"domain","secondservice-developer.com"
"domain","secondservicehelper.com"
"domain","secondserviceupdater.com"
"domain","service-booster.com"
"domain","service-boosterr.com"
"domain","service-checker.com"
"domain","service-hel.com"
"domain","service-hellper.com"
"domain","service-helpes.com"
"domain","service-hunter.com"
"domain","service-leader.com"
"domain","service-updateer.com"
"domain","service-updater.com"
"domain","service1boost.com"
"domain","service1update.com"
"domain","service1updater.com"
"domain","service1view.com"
"domain","serviceboosterr.com"
"domain","serviceboostnumberone.com"
"domain","servicecheckerr.com"
"domain","servicedbooster.com"
"domain","servicedhunter.com"
"domain","servicedpower.com"
"domain","servicedupdater.com"
"domain","servicegungster.com"
"domain","servicehel.com"
"domain","servicehunterr.com"
"domain","servicemonsterr.com"
"domain","servicemount.com"
"domain","servicemusthave.com"
"domain","servicereader.com"
"domain","servicesbooster.com"
"domain","servicesbooster.org"
"domain","servicesdelicate.com"
"domain","servicesecurity.org"
"domain","serviceshelpers.com"
"domain","serviceshelps.com"
"domain","servicesupdater.com"
"domain","serviceswork.net"
"domain","serviceupdates.net"
"domain","serviceupdatter.com"
"domain","serviceuphelper.com"
"domain","servicewikii.com"
"domain","seventeenthservicehelper.com"
"domain","seventhservice-developer.com"
"domain","seventhservicehelper.com"
"domain","seventhserviceupdater.com"
"domain","sexycservice.com"
"domain","sexyservicee.com"
"domain","shabihere.com"
"domain","shakershaker.com"
"domain","sibalsakie.com"
"domain","simple-backupbooster.com"
"domain","sixteenthservicehelper.com"
"domain","sixthservice-developer.com"
"domain","sixthservicehelper.com"
"domain","sixthserviceupdater.com"
"domain","sm.shabihere.com"
"domain","sobcase.com"
"domain","sophosdefence.com"
"domain","sunofgodd.com"
"domain","sweetmonsterr.com"
"domain","target-support.online"
"domain","tarhungangster.com"
"domain","tasa.chalengges.com"
"domain","taskshedulewin.com"
"domain","te.toyotacamryy.com"
"domain","tenthservice-developer.com"
"domain","tenthservicehelper.com"
"domain","tenthserviceupdater.com"
"domain","thirdservice-developer.com"
"domain","thirdservicehelper.com"
"domain","thirdserviceupdater.com"
"domain","thirteenthservicehelper.com"
"domain","tiancaii.com"
"domain","timesshifts.com"
"domain","top-backuphelper.com"
"domain","top-backupservice.com"
"domain","top-servicebooster.com"
"domain","top-serviceupdater.com"
"domain","top3-services.com"
"domain","top3servicebooster.com"
"domain","topbackup-helper.com"
"domain","topbackupintheworld.com"
"domain","topsecurityservice.net"
"domain","topservice-masters.com"
"domain","topservicebooster.com"
"domain","topservicehelper.com"
"domain","topservicesbooster.com"
"domain","topservicesecurity.com"
"domain","topservicesecurity.net"
"domain","topservicesecurity.org"
"domain","topservicesupdate.com"
"domain","topservicesupdates.com"
"domain","topserviceupdater.com"
"domain","toyotacamryy.com"
"domain","tr.backup1services.com"
"domain","tr.backupmaster-service.com"
"domain","tr.backupmasterservice.com"
"domain","tr.simple-backupbooster.com"
"domain","tr.top3-services.com"
"domain","tr.topbackup-helper.com"
"domain","tr.topbackupintheworld.com"
"domain","tr.topservice-masters.com"
"domain","tr.topservicebooster.com"
"domain","tt.check1domains.com"
"domain","tt.regbed.com"
"domain","tt.serviceswork.net"
"domain","tt.vnuret.com"
"domain","tva.chalengges.com"
"domain","twelfthservicehelper.com"
"domain","twelvethserviceupdater.com"
"domain","twentiethservicehelper.com"
"domain","ty.chekingking.com"
"domain","ty.jonsonsbabyy.com"
"domain","ty.loxliver.com"
"domain","ty.martahzz.com"
"domain","ty.realgamess.com"
"domain","ty.servicegungster.com"
"domain","ty.toyotacamryy.com"
"domain","ty.wondergodst.com"
"domain","ty.zetrexx.com"
"domain","ty.zhameharden.com"
"domain","uhj.biliyilish.com"
"domain","uj.errvghu.com"
"domain","un.reginds.com"
"domain","unlockwsa.com"
"domain","update-wind.com"
"domain","update-wins.com"
"domain","updatemanagir.us"
"domain","updatewinlsass.com"
"domain","updatewinsoftr.com"
"domain","uy.best-backup.com"
"domain","uy.best-nas.com"
"domain","uy.bestservicehelper.com"
"domain","uy.top-backuphelper.com"
"domain","uy.top-backupservice.com"
"domain","vb.cheapshhot.com"
"domain","vb.gungameon.com"
"domain","vb.gunsdrag.com"
"domain","vb.hybriqdjs.com"
"domain","vb.luckyhunterrs.com"
"domain","vb.quwasd.com"
"domain","vb.remotessa.com"
"domain","vb.secondlivve.com"
"domain","vb.sobcase.com"
"domain","vb.unlockwsa.com"
"domain","view-backup.com"
"domain","viewdrivers.com"
"domain","vnuret.com"
"domain","voiddas.com"
"domain","we.backup1service.com"
"domain","we.elephantdrrive.com"
"domain","we.nasmastrservice.com"
"domain","we.service-hellper.com"
"domain","web-analysis.live"
"domain","whoissme.com"
"domain","windefenceinfo.com"
"domain","windefens.com"
"domain","winsysteminfo.com"
"domain","winsystemupdate.com"
"domain","wodeairenn.com"
"domain","wodemayaa.com"
"domain","wondergodst.com"
"domain","worldtus.com"
"domain","ws.backup-helper.com"
"domain","ws.backup-leader.com"
"domain","ws.backup-simple.com"
"domain","ws.bakcup-checker.com"
"domain","ws.bakcup-monster.com"
"domain","ws.boost-servicess.com"
"domain","ws.nas-leader.com"
"domain","ws.nas-simple-helper.com"
"domain","ws.service-checker.com"
"domain","ws.service-leader.com"
"domain","xc.backup1service.com"
"domain","xc.elephantdrrive.com"
"domain","xc.nasmastrservice.com"
"domain","xc.service-hellper.com"
"domain","yn.bouths.com"
"domain","yn.gtrsqer.com"
"domain","yourserviceupdater.com"
"domain","yoursuperservice.com"
"domain","yq.biliyilish.com"
"domain","yqs.blackhoall.com"
"domain","ys.reginds.com"
"domain","yt.backups1helper.com"
"domain","yt.driver-boosters.com"
"domain","yt.driver1downloads.com"
"domain","yt.driverjumper.com"
"domain","yt.service-hel.com"
"domain","yt.service1update.com"
"domain","yt.service1view.com"
"domain","yt.servicehel.com"
"domain","yt.servicereader.com"
"domain","yt.top3servicebooster.com"
"domain","yt.view-backup.com"
"domain","zapored.com"
"domain","zetrexx.com"
"domain","zhameharden.com"
"domain","zx.ayiyas.com"
"domain","zx.bithunterr.com"
"domain","zx.chainnss.com"
"domain","zx.giveasees.com"
"domain","zx.havemosts.com"
"domain","zx.lindasak.com"
"domain","zx.loockfinderrs.com"
"domain","zx.mountasd.com"
"domain","zx.puckhunterrr.com"
"domain","zx.raidbossa.com"
"domain","zx.rapirasa.com"
"domain","zx.serviceboosterr.com"
"domain","zx.servicemount.com"
"domain","zx.serviceupdatter.com"
"domain","zx.servicewikii.com"
"domain","zx.sibalsakie.com"
"domain","zx.tiancaii.com"
"domain","zx.voiddas.com"
"ip","194.26.29.230"
"ip","149.28.35.35"
"ip","194.26.29.201"
"ip","193.239.84.207"
"ip","107.173.58.185"
"ip","45.76.167.35"
"ip","93.157.63.190"
"ip","213.252.246.154"
"ip","207.148.21.17"
"ip","45.147.229.52"
"ip","45.153.241.139"
"ip","45.32.130.5"
"ip","54.36.232.243"
"ip","194.26.29.219"
"ip","96.30.193.57"
"ip","194.26.29.245"
"ip","104.238.190.126"
"ip","155.138.214.247"
"ip","45.141.86.98"
"ip","144.202.12.197"
"ip","140.82.10.222"
"ip","45.147.229.68"
"ip","45.153.241.153"
"ip","45.34.6.222"
"ip","45.147.230.132"
"ip","5.2.64.144"
"ip","179.43.128.5"
"ip","5.2.64.172"
"ip","88.119.171.77"
"ip","88.119.175.153"
"ip","45.153.241.134"
"ip","95.179.219.169"
"ip","88.119.171.96"
"ip","96.9.209.215"
"ip","88.119.171.97"
"ip","45.147.230.140"
"ip","194.26.29.231"
"ip","194.26.29.225"
"ip","45.141.86.194"
"ip","108.61.242.184"
"ip","194.26.29.240"
"ip","140.82.27.146"
"ip","45.34.6.226"
"ip","45.77.119.212"
"ip","45.153.240.194"
"ip","88.119.171.68"
"ip","5.2.64.149"
"ip","88.119.174.129"
"ip","179.43.158.171"
"ip","88.119.175.237"
"ip","207.148.8.61"
"ip","149.28.50.31"
"ip","198.211.116.199"
"ip","140.82.60.155"
"ip","165.227.196.0"
"ip","194.26.29.237"
"ip","81.17.28.70"
"ip","194.26.29.241"
"ip","88.119.171.78"
"ip","213.252.246.185"
"ip","96.9.225.144"
"ip","96.9.209.177"
"ip","80.240.18.106"
"ip","45.153.240.136"
"ip","88.119.174.109"
"ip","96.9.209.217"
"ip","88.119.171.55"
"ip","104.156.250.132"
"ip","88.119.174.120"
"ip","149.28.55.197"
"ip","157.245.88.69"
"ip","45.147.231.222"
"ip","45.153.241.14"
"ip","74.118.138.115"
"ip","96.9.209.156"
"ip","107.173.58.175"
"ip","45.153.240.157"
"ip","45.147.230.87"
"ip","88.119.171.76"
"ip","134.122.118.46"
"ip","45.141.86.97"
"ip","66.42.86.61"
"ip","69.61.38.156"
"ip","45.138.172.51"
"ip","194.26.29.246"
"ip","45.147.229.180"
"ip","45.153.240.220"
"ip","45.141.86.92"
"ip","45.147.229.44"
"ip","45.153.241.158"
"ip","5.2.64.167"
"ip","96.9.209.216"
"ip","216.155.157.249"
"ip","172.241.27.65"
"ip","45.34.6.221"
"ip","45.76.231.195"
"ip","88.119.174.133"
"ip","108.62.12.114"
"ip","172.241.27.70"
"ip","45.141.86.155"
"ip","140.82.5.67"
"ip","45.147.229.92"
"ip","5.2.72.202"
"ip","69.61.38.157"
"ip","45.63.95.187"
"ip","81.17.28.122"
"ip","88.119.171.73"
"ip","149.248.58.11"
"ip","194.26.29.249"
"ip","134.122.116.59"
"ip","45.153.241.167"
"ip","45.147.230.241"
"ip","54.36.232.244"
"ip","178.62.247.205"
"ip","88.119.174.131"
"ip","88.119.174.119"
"ip","194.26.29.223"
"ip","45.77.98.157"
"ip","45.153.241.138"
"ip","108.61.176.237"
"ip","45.141.86.96"
"ip","149.28.215.46"
"ip","45.141.86.90"
"ip","194.26.29.244"
"ip","45.141.86.91"
"ip","74.118.138.138"
"ip","142.93.122.23"
"ip","45.77.153.72"
"ip","5.2.64.174"
"ip","5.2.79.10"
"ip","149.28.122.130"
"ip","179.43.160.205"
"ip","88.119.174.116"
"ip","159.65.216.127"
"ip","45.153.241.146"
"ip","45.147.230.133"
"ip","108.61.72.29"
"ip","107.173.58.179"
"ip","74.118.138.137"
"ip","96.9.209.161"
"ip","144.202.83.4"
"ip","108.61.209.123"
"ip","192.241.143.121"
"ip","194.26.29.235"
"ip","194.26.29.236"
"ip","88.119.174.117"
"ip","155.138.135.182"
"ip","5.2.70.149"
"ip","5.2.64.133"
"ip","172.241.27.68"
"ip","45.153.240.138"
"ip","103.42.37.5"
"ip","88.119.174.126"
"ip","88.119.174.118"
"ip","95.179.215.228"
"ip","209.97.130.197"
"ip","96.9.225.143"
"ip","108.62.12.105"
"ip","45.141.86.207"
"ip","213.252.246.144"
"ip","63.209.33.131"
"ip","45.153.241.1"
"ip","108.61.90.90"
"ip","155.138.216.133"
"ip","194.26.29.248"
"ip","185.25.50.167"
"ip","45.141.86.95"
"ip","45.147.230.159"
"ip","88.119.174.114"
"ip","88.119.174.125"
"ip","64.44.131.107"
"ip","88.119.174.127"
"ip","194.26.29.227"
"ip","45.77.206.105"
"ip","45.147.229.128"
"ip","35.222.233.85"
"ip","193.142.58.129"
"ip","194.26.29.224"
"ip","68.183.124.93"
"ip","207.246.67.70"
"ip","109.70.236.134"
"ip","88.119.171.67"
"ip","88.119.174.107"
"ip","45.147.230.141"
"ip","121.199.8.146"
"ip","88.119.171.94"
"ip","194.26.29.232"
"ip","108.61.209.121"
"ip","149.28.246.25"
"ip","194.26.29.221"
"ip","194.26.29.239"
"ip","88.119.171.75"
"ip","194.26.29.247"
"ip","108.62.12.121"
"ip","88.119.171.74"
"ip","96.30.192.141"
"ip","213.252.244.38"
"ip","45.153.240.222"
"ip","134.122.124.26"
"ip","107.173.58.180"
"ip","5.2.79.122"
"ip","45.147.228.77"
"ip","45.141.86.93"
"ip","107.173.58.183"
"ip","190.211.254.154"
"ip","194.26.29.220"
"ip","194.26.29.229"
"ip","45.153.241.141"
"ip","5.2.79.12"
"ip","64.44.131.103"
"ip","95.179.147.215"
"ip","95.179.210.8"
"ip","213.252.244.62"
"ip","178.79.132.82"
"ip","108.177.235.53"
"ip","46.19.142.154"
"ip","88.119.174.132"
"ip","45.147.230.30"
"ip","5.2.79.121"
"ip","207.148.15.31"
"ip","107.173.58.184"
"ip","45.141.86.146"
"ip","108.62.12.119"
"ip","194.26.29.226"
"ip","213.252.244.126"
"ip","79.124.60.117"
"ip","45.34.6.223"
"ip","134.122.20.117"
"ip","159.203.36.61"
"ip","149.248.56.113"
"ip","134.122.114.248"
"ip","199.247.13.144"
"ip","45.141.86.136"
"ip","88.119.171.69"
"ip","88.119.174.139"
"ip","45.34.6.229"
"ip","194.26.29.222"
"ip","107.173.58.182"
"ip","149.28.15.247"
"ip","45.141.86.84"
"ip","45.77.58.172"
"ip","217.69.15.175"
"ip","213.252.245.71"
"ip","194.26.29.202"
"ip","5.2.64.135"
"ip","134.122.116.114"
"ip","104.156.227.250"
"ip","69.55.60.140"
"ip","45.34.6.225"
"ip","74.118.138.139"
"ip","104.156.245.0"
"ip","194.26.29.233"
"ip","209.222.108.106"
"ip","69.61.38.132"
"ip","88.119.174.128"
"ip","213.252.244.170"
"ip","5.2.64.182"
"ip","159.89.53.108"
"ip","45.153.240.240"
"ip","155.138.136.182"
"ip","194.26.29.238"
"ip","45.141.86.94"
"ip","192.81.211.69"
"ip","45.32.170.9"
"ip","81.17.25.210"
"ip","194.26.29.228"
"ip","45.32.134.62"
"ip","66.42.118.123"
"ip","45.32.30.162"
"ip","81.17.28.105"
"ip","165.22.125.178"
"ip","88.119.175.214"
"ip","45.138.172.95"
"ip","194.26.29.242"
"ip","45.76.20.140"
"ip","45.76.45.162"
"ip","88.119.174.110"
"ip","88.119.174.121"
"ip","107.173.58.176"
"ip","45.76.49.78"
"ip","45.141.86.206"
"ip","88.119.174.130"
"ip","94.177.12.161"
"ip","188.166.52.176"
"ip","185.184.223.194"
"ip","194.26.29.234"
"ip","31.7.59.141"
"ip","194.26.29.250"
"ip","45.147.230.131"
"ip","45.77.89.31"
"ip","5.2.72.200"
"ip","69.61.38.155"
"ip","5.2.64.113"
"ip","179.43.133.44"
"ip","108.62.12.116"
"ip","45.153.240.178"
"ip","108.62.12.12"
"ip","149.28.123.111"
"ip","179.43.128.3"
"ip","149.248.5.240"
"ip","194.26.29.243"
"certificate_sha1","f8d88c2d967938c0efaf05863d1ef12b6d3ff5f7"
"certificate_sha1","67915ea68637b47e78953b1867523a2c0435d81d"
"certificate_sha1","d157e01e740f7b72dbe63d92c1e057553c898a13"
"certificate_sha1","2523b1c2d8564fed65cae16061a8d943babd68f2"
"certificate_sha1","56acd9159f4d96f632d26b5af16efb72e79fb585"
"certificate_sha1","2da9c240a576d7759acdf32e2439bd796c4fbcf4"
"certificate_sha1","1defc2d0c521ce8fb2bef02bed7b8cd07f592474"
"certificate_sha1","335a0e38ad0b41c07d3d83618824906886729f6a"
"certificate_sha1","4cd315fa97ea12b98430d3da639529e974010a17"
"certificate_sha1","24aced0224bf620f5c501409a30bf350e6bb0d35"
"certificate_sha1","fe35ac015239384d55a6538ed54bc3fe52e1e60d"
"certificate_sha1","2d9fb5761f3c2a369e1b65250b3b6230d91b8547"
"certificate_sha1","43909ed10169d23fb94549e0a9eb46ff987c8651"
"certificate_sha1","47662f40809c6ba43f18aa3f84236e07ace5db52"
"certificate_sha1","cb118484346b3268a16e58fb3b7da385bf0863d0"
"certificate_sha1","c485f3e426c0bf825b6b4c5fdff4c63d654480a3"
"certificate_sha1","ed7e2bc094deda6faebae2277511c9d9d54d4c88"
"certificate_sha1","565aa00a706366498c9af1a211c5e9f52effe678"
"certificate_sha1","5bd0b15876004ce7af2218d46c86b8956638f279"
"certificate_sha1","71a5634a6fdffea2dc8292288014a7ed1bcb14d8"
"certificate_sha1","a591832fb7bba5b787fd23f65b6ba4bdb1ba0beb"
"certificate_sha1","38248f4c139c162018b5a64cbd98084436808549"
"certificate_sha1","f1c8c8a4c345abe865ea6ab7da51b686a2321689"
"certificate_sha1","8a17362c43d8146d2283a3be00332c89b03a3207"
"certificate_sha1","0684ad4cab1e7a0f7b0abb0984e5b95eb8a5b1a4"
"certificate_sha1","7d74898dd525aad9ce90e9ffb80c1f85d68a7091"
"certificate_sha1","693cafe54123a0a1da0cd82b66e7c9a360d68a00"
"certificate_sha1","3edd7f727ce24ddadcc0012a702ead599c9099d9"
"certificate_sha1","bf1862fcb564e3e730eaae320e6c79c579979233"
"certificate_sha1","aeb22ee63fbf416a0a9bf6d855dde5a16a72f88f"
"certificate_sha1","61814ecce812af2ab2721a4e3aa29f6f4007e049"
"certificate_sha1","fe561834be5dea2eb7b8047569187f0b43e02f9c"
"certificate_sha1","499825372396aa5075e3d56c28bdf7049bb2343c"
"certificate_sha1","87266a8de7add18e4b061029552ae9bf5a34aa88"
"certificate_sha1","96c5bc5546a69891a7cd15de6ca08e47fae3e147"
"certificate_sha1","9acd231253a98af6e43319e1d1de2fed828e09d3"
"certificate_sha1","321833abdcc08ed393b589b1404065dcae4683d0"
"certificate_sha1","a8087000b8b8c629650c18739fd63bc9d71df8c4"
"certificate_sha1","2d0a25a29c198728dbec4aff3955c5bd167169da"
"certificate_sha1","d281ff15fb8e3905e0721ef597834251532d32c5"
"certificate_sha1","b7639e6b87924d40aff0757ab549a85beb285dd0"
"certificate_sha1","d7c0dbd92b64e88b9ea3920236ed8647fb69d090"
"certificate_sha1","06f9ea54ba622a035bb63a18222299d3d5f8ae2c"
"certificate_sha1","3720e6b4f1d1e9eeeb15e49d81f2b15f5febc796"
"certificate_sha1","5ff484b5af4bdba94ff7dd9cec25857039514770"
"certificate_sha1","4c40dc014bf780d94f69f7d071b3556bf0208e3b"
"certificate_sha1","7b6bd2c94ef805fee0d6a6f417e6b88b92bb1012"
"certificate_sha1","8c6d0ab3f99997ee0bf7e6d9b2cb120508bd1799"
"certificate_sha1","d4466bee4c9910ba9058c8a3e3a72638977e2cd3"
"certificate_sha1","4603dbbe68be8fd4f06abd99d429076ce2c98130"
"certificate_sha1","a653de6f532cba378bcbb4165cd76cd2ae4a79e3"
"certificate_sha1","e2132ca429aef3fa351fe15b2c257657375bdc35"
"certificate_sha1","4c19c288d9813c02e9f6b15e623e340f35954303"
"certificate_sha1","e270b5107aed00bce3977d3bf46eab7a26f12296"
"certificate_sha1","f2b7653b132d60b7b2f9e461b6f1e60426af85fd"
"certificate_sha1","eac1357a85aeaf5317a59b37988ff8da4bdf7c7b"
"certificate_sha1","698adc9d76033dd8d67043076fc1e2c6775c7483"
"certificate_sha1","b1f5a40ef9aa7180101b2e05af43871df777f840"
"certificate_sha1","1cb2d3e44b27298bf17262aac311fdca73b52c11"
"certificate_sha1","c6223becc004d859f0c63af41c88d7b76462d292"
"certificate_sha1","e79668f5841c0bb454fa46857f0747e4f08ad62d"
"certificate_sha1","24cba6ef0db402fdcf94dc216b0b2a6d933e871f"
"certificate_sha1","1cd42195ad924216fcce3863e026f4a87b4aaee2"
"certificate_sha1","6af76b92e0e0db69d1024bb66eaa9bc9c5c7947e"
"certificate_sha1","3409d49481cf99975672b7350d7ce498d028eb3a"
"certificate_sha1","e05c9d8da4609a7d8ce53f41c2e823b3b0094302"
"certificate_sha1","89d4bd655b3d9d06db5b39cfff2342f84a35deb9"
"certificate_sha1","24166dbbb60e838b2be0d4067c37e90609b2f81e"
"certificate_sha1","5a70f18b547e0824e791c7ad99bc5520e369c90d"
"certificate_sha1","d8d92f1f012f6ee78b144e9771df1cdc146b5fe1"
"certificate_sha1","4a35689b505035a9318250ee82d9a36a5d4d2c2f"
"certificate_sha1","8b3683e97066f0cf2d36eab3f51f4834f1c55b57"
"certificate_sha1","128edcc8f3e18a06e396cf9ce847ef89efa437ef"
"certificate_sha1","f763022f12ddb4fd218226612d3a02c7dc2fc959"
"certificate_sha1","68d2fb8240ea91a1195777eff11b50a5873191b9"
"certificate_sha1","225b753b22f3045d5d15d899278f0017e9396b8b"
"certificate_sha1","efae6b58763a9d58d884d6ee9232eff55d4e302a"
"certificate_sha1","ade7ffe59f51c2e0031e5b08224c2d2438994f2c"
"certificate_sha1","c7b0f4ffcce520791736473e6261d6a72eb1d304"
"certificate_sha1","b374522b6396b1f568457d369e9d8e304ac036a7"
"certificate_sha1","b618ac106c2e3c419fe06383f8db441e1eacb7a1"
"certificate_sha1","248e9b33fac5937abe69312c7e8f641837cd3672"
"certificate_sha1","75605cf169d66ec948340774e50d5f5ea13900c9"
"certificate_sha1","b4018842f1f8ff0e62686fea3bfe3909956ce192"
"certificate_sha1","1a646c21146b9104e8e7e178b4ef147961ef59f7"
"certificate_sha1","f01101625a8ce165ef52230ce6232066c5c93f9e"
"certificate_sha1","d9c47cbae48e0edb64272e0a3a434c15b15b5dde"
"certificate_sha1","c0ae10b3c7399c1fd5de4bebbeda6669830fd765"
"certificate_sha1","36d568f9be2a34e1763d8978e5624dfcae0297ad"
"certificate_sha1","b47c230daebf8c94b85b1f49bf105d21fb708d29"
"certificate_sha1","9f3b1f1a0cbdd54d55e7b6b0bfde39e2aac5f5a5"
"certificate_sha1","14ed7ae76a621f6aaf5110ab747857670f440783"
"certificate_sha1","240556622c2a99601219275eeeb8afac7f80d6e3"
"certificate_sha1","660caf7d2810f77a41797e7ee8fe11a7d6b1e24d"
"certificate_sha1","97ebe2d432bb5be91298f78187548fa7874ef114"
"certificate_sha1","d9cc74b3dba2703f75a215eb865a4e6e495ced06"
"certificate_sha1","ee92916b7e31852265eb1611c48f0a75c9051d4b"
"certificate_sha1","84f1b30a3897f65c4ab7a13fa01db71a00293e9d"
"certificate_sha1","65c5b0e792026eaca6fd998a4b00afba6654cced"
"certificate_sha1","c8870ae156e2365cbe233e0762e3d63650aca3e3"
"certificate_sha1","1e62c973054518a75881dc36aad42fc60cc9be62"
"certificate_sha1","791118d48c3c16d15eb9486f7e816d1652d44269"
"certificate_sha1","13373c1eaa04fcf71bd4ad098560a387fe0d6a45"
"certificate_sha1","abaa76f2a65001fc0d965fc86e82a875015538b8"
"certificate_sha1","ddce9c2b6dd06b94f6188e63b259026f880df88f"
"certificate_sha1","e9373236d16619ca8f4677772cc7ec121c93fcd0"
"certificate_sha1","3c10031ed4ab6e61cc3fd5ef0357858fd5f40c45"
"certificate_sha1","98d52f82bb0d70bb87b1c139ccba51496f887d25"
"certificate_sha1","e01884017c886a8608aa4fea7b1daf8662f0ac40"
"certificate_sha1","03e0687898cb57961c1d41189078d03217e256ac"
"certificate_sha1","16de49c36cadc539c421397477d04fb24b7f5a62"
"certificate_sha1","43ec2f1882b93adee3a54ce216ab72223cbb6a49"
"certificate_sha1","400dcda1296efd6633d2381261eddb661c4a23a9"
"certificate_sha1","e3962ee4bd9c1f7eaab284e09f00d2307890ebe6"
"certificate_sha1","12aebbd99d54286c77ceb2256546b50c2256110f"
"certificate_sha1","9fcc5c1e8ec32f56e975ba43c923dbfa16a8f946"
"certificate_sha1","fc2e005670e32a9bd1776866b36e9dc675874d00"
"certificate_sha1","1bc116deed498181bce150ce700d1d783db73b29"
"certificate_sha1","9fad5c0e0ef9be03767d14105f416871ccc96745"
"certificate_sha1","8d493f4d4162073fd13faee3c1f5f27f6f6ed401"
"certificate_sha1","0122ff19ef0c200e2f1603f691b0cb8cbff088db"
"certificate_sha1","da21199d59a86d35a3e9af5dafe125b799c5f890"
"certificate_sha1","05cdadc410865fc446645997c493fcc3f25fd86a"
"certificate_sha1","4af071235fb4879ec3952df5070a091073dfed92"
"certificate_sha1","64816461d107afab763789d635bb9b2a507004a5"
"certificate_sha1","a07c36bd830e2514f169bc079817c63378a16b05"
"certificate_sha1","6c97fb036d52fc9ec2e19e492e605174609d4b1f"
"certificate_sha1","4b240764f897fb1707e092e4abfcdbbe46dc883d"
"certificate_sha1","3bd508d74b240e3b5c27975cef1a57e607e7f094"
"certificate_sha1","6bfb6904e052823fe00944f61532c15a0f1a35b3"
"certificate_sha1","b7d641e402090f1151d865294263f5aab986ec59"
"certificate_sha1","e7bf5eef556da631c5d75d2b7804c4fc3c4e8bdb"
"certificate_sha1","b0bed02bc27674ce57b489ccd13ffad341afc844"
"certificate_sha1","d3b80a6b3c045ec6662c5f39b01fa9dd7cd4d603"
"certificate_sha1","ad2bd386a7512001f552e4b28986cf6a6293b94a"
"certificate_sha1","952875e8dd1887c43ed834f44181cbc6f1ff5608"
"certificate_sha1","35ef11c8a52cb944371bcffd2750793169f7daa9"
"certificate_sha1","f51c4146472c292b1939b598c322a75668cfe786"
"certificate_sha1","87dd4a608135596ecaffcfb96f1a8a4aed026119"
"certificate_sha1","71a5f31e80cab1a5040da3cafdbb5b71b8ea8922"
"certificate_sha1","1e469db70c11e4df8084609f3793ab04389e6e05"
"certificate_sha1","a0c9f25e1c9a6963118eea8f49fa65eacfb93973"
"certificate_sha1","f98e21f2ca04f13adc55eedefdf900f1754088ea"
"certificate_sha1","ac67f2b1b05abdf49f23980ea98cfd8c0f56b258"
"certificate_sha1","d0c7fc7ea6eb9503de76237dd67fd0184d5a26b3"
"certificate_sha1","ff8f86c05021e1d2916f197b41d306714ede841e"
"certificate_sha1","ac09ea878a88f06cf078e9d3a132ef88f63c4b09"
"certificate_sha1","eced1d24ad47b2ec4f8289cdcf2d2fb2d261ab99"
"certificate_sha1","0fd6ce3d7e779135cd0dbb8351ddb79db8b5f8a6"
"certificate_sha1","1ac482a024ba540715ebbad9e7227c2b3a2b5088"
"certificate_sha1","27671b2a86f211ce561447e25a9f4995a4d5996e"
"domain","itopupdater.com"
"domain","nb.itopupdater.com"
"domain","yt.itopupdater.com"
"domain","hg.itopupdater.com"
"ip","172.106.86.13"
"domain","it1booster.com"
"domain","imasterupdate.com"
"domain","mn.getinformationss.com"
"domain","nv.getinformationss.com"
"domain","qw.getinformationss.com"
"ip","5.181.166.213"
"domain","explorer64.link"
"domain","windows10.live"
"domain","win10.live"
"domain","iupdaters.com"
"domain","boost-helper.com"
